Item,Qty,Reference(s),Value,Footprint,Digikey,LCSC
1,2,"C201, C203",10pF 0201,_Breadstick_Footprints:Perfect_0201_Cap,490-GRM0335C1H100FA01JDKR-ND,
2,32,"C202, C204, C205, C206, C210, C211, C303, C304, C305, C306, C307, C308, C309, C310, C311, C312, C313, C314, C315, C316, C317, C318, C319, C320, C321, C322, C323, C324, C325, C326, C502, C503",2.2uF 0603 10V,Capacitor_SMD:C_0603_1608Metric,1276-1134-6-ND,
3,3,"C207, C216, C401",1uF 0402 10V,_Breadstick_Footprints:Perfect_0402_Cap,1276-1076-6-ND,
4,1,C501,47uF 0805 6.3V Tant,TLJR476M006R3200:CAPC2012X140N,478-4696-6-ND,
5,2,"D501, D502",2A,MICROSMP_DO-219AD:DIO_V2PM15HM3_H,V2PL45HM3/HGIDKR-ND,
6,1,F501,4A USB PTC,Fuse:Fuse_0805_2012Metric,283-PTSLR08058V400DKR-ND,
7,1,IC301,74AXP2T45DCH,74AXP2T45DCH:74AXP2T45DCH,1727-74AXP2T45DCHCT-ND,
8,32,"J201, J202, J203, J204, J205, J206, J207, J208, J209, J210, J211, J212, J213, J214, J215, J217, J218, J219, J220, J222, J223, J224, J501, J502, J503, J504, J505, J506, J507, J508, J509, J510",Conn_01x01,Connector_PinHeader_2.54mm:PinHeader_1x01_P2.54mm_Vertical,DNP,DNP
9,1,J221,2171790001,USB-C Molex:USB-C-2171790001,900-2171790001DKR-ND,
10,24,"LED301, LED302, LED303, LED304, LED305, LED306, LED307, LED308, LED309, LED310, LED311, LED312, LED313, LED314, LED315, LED316, LED317, LED318, LED319, LED320, LED321, LED322, LED323, LED324",SK9822,_Breadstick_Footprints:SK9822-2020,,C2909059
11,7,"R201, R204, R209, R210, R211, R501, R502",1k 0201,_Breadstick_Footprints:Perfect_0201_Resistor,P122413DKR-ND,
12,2,"R202, R203",27Ω 0201,_Breadstick_Footprints:Perfect_0201_Resistor,P122894DKR-ND,
13,4,"R205, R208, R304, R305",10k 0201,_Breadstick_Footprints:Perfect_0201_Resistor,P122414DKR-ND,
14,2,"R206, R207",5k1 0201,_Breadstick_Footprints:Perfect_0201_Resistor,P123051DKR-ND,
15,1,SW201,~{USB_BOOT},Switch_R-667995:R-667995,2508-R-667995DKR-ND,
16,1,SW202,~{RESET},Switch_R-667995:R-667995,2508-R-667995DKR-ND,
17,1,U201,RP2040,RP2040:QFN40P700X700X90-57N,2648-SC0914(7)TR-ND,
18,1,U202,TPD4E05U06DQAR,TPD4E05U06DQAR:TI_TPD4E05U06DQAR,296-35765-6-ND,
19,1,U203,W25Q128JVPIQ TR,W25Q128JVPIQ-TR:W25Q128JVPIQ-TR,W25Q128JVPIQDKR-ND,
20,1,U401,LSM6DSMTR,LSM6DSMTR:PQFN50P300X250X86-14N,497-16696-6-ND,
21,1,U501,MIC5528-3.3YMT-TR,MIC5528-3:SON40P120X120X60-7N,576-4766-6-ND,
22,1,Y201,12MHz,ECS-120-10-36Q-ES-TR:XTAL_ECS-120-10-36Q-ES-TR,XC2180DKR-ND,
