[{"pos_x": -3.6576, "pos_y": -67.7926, "rotation": -90.0, "side": "top", "designator": "C402", "mpn": null, "pack": "C_1206_3216Metric", "value": "2.2uF 1206 6V3", "mount_type": "smt", "place": true}, {"pos_x": 0.762, "pos_y": -20.32, "rotation": -90.0, "side": "top", "designator": "R204", "mpn": null, "pack": "R_0603_1608Metric", "value": "1k 0603", "mount_type": "smt", "place": true}, {"pos_x": 0.65, "pos_y": -113.227602, "rotation": 180.0, "side": "top", "designator": "LED312", "mpn": null, "pack": "SK9822-2020", "value": "SK9822", "mount_type": "smt", "place": true}, {"pos_x": 3.429, "pos_y": -64.77, "rotation": 180.0, "side": "top", "designator": "R303", "mpn": null, "pack": "R_0603_1608Metric", "value": "10k 0603", "mount_type": "smt", "place": true}, {"pos_x": 0.65, "pos_y": -150.775422, "rotation": 180.0, "side": "top", "designator": "LED322", "mpn": null, "pack": "SK9822-2020", "value": "SK9822", "mount_type": "smt", "place": true}, {"pos_x": 0.65, "pos_y": -147.02064, "rotation": 180.0, "side": "top", "designator": "LED321", "mpn": null, "pack": "SK9822-2020", "value": "SK9822", "mount_type": "smt", "place": true}, {"pos_x": -2.3876, "pos_y": -60.833, "rotation": 90.0, "side": "top", "designator": "R209", "mpn": null, "pack": "R_0603_1608Metric", "value": "1k 0603", "mount_type": "smt", "place": true}, {"pos_x": -4.2164, "pos_y": -60.8076, "rotation": 90.0, "side": "top", "designator": "R208", "mpn": null, "pack": "R_0603_1608Metric", "value": "1k 0603", "mount_type": "smt", "place": true}, {"pos_x": 0.65, "pos_y": -135.756294, "rotation": 180.0, "side": "top", "designator": "LED318", "mpn": null, "pack": "SK9822-2020", "value": "SK9822", "mount_type": "smt", "place": true}, {"pos_x": 3.556, "pos_y": -66.929, "rotation": -90.0, "side": "top", "designator": "Q302", "mpn": "2N7002", "pack": "SOT-416", "value": "SSM3K56FS,LF", "mount_type": "smt", "place": true}, {"pos_x": 2.09, "pos_y": -40.14, "rotation": 90.0, "side": "top", "designator": "R205", "mpn": null, "pack": "R_0603_1608Metric", "value": "27\u03a9 0603", "mount_type": "smt", "place": true}, {"pos_x": 4.01, "pos_y": -22.187002, "rotation": 180.0, "side": "top", "designator": "C502", "mpn": null, "pack": "T491A106K010AT", "value": "10uF Tantalum 1206 10V", "mount_type": "smt", "place": true}, {"pos_x": 2.286, "pos_y": -20.32, "rotation": -90.0, "side": "top", "designator": "C205", "mpn": null, "pack": "C_0603_1608Metric", "value": "1uF 0603 10V", "mount_type": "smt", "place": true}, {"pos_x": 0.65, "pos_y": -75.679782, "rotation": 180.0, "side": "top", "designator": "LED302", "mpn": null, "pack": "SK9822-2020", "value": "SK9822", "mount_type": "smt", "place": true}, {"pos_x": 1.524, "pos_y": -7.62, "rotation": 0.0, "side": "top", "designator": "kibuzzard-6507231E", "mpn": null, "pack": "kibuzzard-6507231E", "value": "G***", "mount_type": "tht", "place": false}, {"pos_x": -4.01, "pos_y": -23.786998, "rotation": 0.0, "side": "top", "designator": "C501", "mpn": null, "pack": "T491A106K010AT", "value": "10uF Tantalum 1206 10V", "mount_type": "smt", "place": true}, {"pos_x": 1.778, "pos_y": -67.818, "rotation": -90.0, "side": "top", "designator": "R304", "mpn": null, "pack": "R_0603_1608Metric", "value": "10k 0603", "mount_type": "smt", "place": true}, {"pos_x": 0.65, "pos_y": -132.001512, "rotation": 180.0, "side": "top", "designator": "LED317", "mpn": null, "pack": "SK9822-2020", "value": "SK9822", "mount_type": "smt", "place": true}, {"pos_x": 3.81, "pos_y": -29.21, "rotation": 90.0, "side": "top", "designator": "R502", "mpn": null, "pack": "R_0603_1608Metric", "value": "10k 0603", "mount_type": "smt", "place": true}, {"pos_x": -3.81, "pos_y": -29.21, "rotation": 90.0, "side": "top", "designator": "C201", "mpn": null, "pack": "C_0603_1608Metric", "value": "1uF 0603 10V", "mount_type": "smt", "place": true}, {"pos_x": 0.127, "pos_y": -25.8318, "rotation": 0.0, "side": "top", "designator": "U501", "mpn": null, "pack": "SOT95P285X140-5N", "value": "AP2112K-3.3TRG1", "mount_type": "smt", "place": true}, {"pos_x": -3.1496, "pos_y": -63.9064, "rotation": 0.0, "side": "top", "designator": "U401", "mpn": null, "pack": "PQFN50P300X250X86-14N", "value": "6-Axis IMU", "mount_type": "tht", "place": true}, {"pos_x": -3.81, "pos_y": -36.83, "rotation": 90.0, "side": "top", "designator": "R202", "mpn": null, "pack": "R_0603_1608Metric", "value": "1k 0603", "mount_type": "smt", "place": true}, {"pos_x": 0.0, "pos_y": -12.7, "rotation": 180.0, "side": "top", "designator": "IC501", "mpn": null, "pack": "SOTFL50P160X60-8L", "value": "LM66200DRLR", "mount_type": "smt", "place": true}, {"pos_x": 0.0, "pos_y": -6.1468, "rotation": -90.0, "side": "top", "designator": "D601", "mpn": "ESDALD05UE2X", "pack": "SOT-23", "value": "TVS", "mount_type": "smt", "place": true}, {"pos_x": -3.81, "pos_y": -139.7, "rotation": -90.0, "side": "top", "designator": "C306", "mpn": null, "pack": "C_1206_3216Metric", "value": "2.2uF 1206 6V3", "mount_type": "smt", "place": true}, {"pos_x": 0.65, "pos_y": -128.24673, "rotation": 180.0, "side": "top", "designator": "LED316", "mpn": null, "pack": "SK9822-2020", "value": "SK9822", "mount_type": "smt", "place": true}, {"pos_x": 0.65, "pos_y": -101.963256, "rotation": 180.0, "side": "top", "designator": "LED309", "mpn": null, "pack": "SK9822-2020", "value": "SK9822", "mount_type": "smt", "place": true}, {"pos_x": 0.381, "pos_y": -64.77, "rotation": 180.0, "side": "top", "designator": "R301", "mpn": null, "pack": "R_0603_1608Metric", "value": "10k 0603", "mount_type": "smt", "place": true}, {"pos_x": 0.65, "pos_y": -139.511076, "rotation": 180.0, "side": "top", "designator": "LED319", "mpn": null, "pack": "SK9822-2020", "value": "SK9822", "mount_type": "smt", "place": true}, {"pos_x": 0.65, "pos_y": -79.434564, "rotation": 180.0, "side": "top", "designator": "LED303", "mpn": null, "pack": "SK9822-2020", "value": "SK9822", "mount_type": "smt", "place": true}, {"pos_x": -1.524, "pos_y": -7.62, "rotation": 0.0, "side": "top", "designator": "kibuzzard-6507231E", "mpn": null, "pack": "kibuzzard-6507231E", "value": "G***", "mount_type": "tht", "place": false}, {"pos_x": 0.65, "pos_y": -143.265858, "rotation": 180.0, "side": "top", "designator": "LED320", "mpn": null, "pack": "SK9822-2020", "value": "SK9822", "mount_type": "smt", "place": true}, {"pos_x": 3.556, "pos_y": -5.842, "rotation": 0.0, "side": "top", "designator": "R602", "mpn": null, "pack": "R_0603_1608Metric", "value": "5k1 0603", "mount_type": "smt", "place": true}, {"pos_x": 0.0, "pos_y": -55.626, "rotation": 180.0, "side": "top", "designator": "R207", "mpn": null, "pack": "R_0603_1608Metric", "value": "1k 0603", "mount_type": "smt", "place": true}, {"pos_x": 0.63, "pos_y": -40.14, "rotation": 90.0, "side": "top", "designator": "R206", "mpn": null, "pack": "R_0603_1608Metric", "value": "27\u03a9 0603", "mount_type": "smt", "place": true}, {"pos_x": 0.0, "pos_y": -66.929, "rotation": -90.0, "side": "top", "designator": "Q301", "mpn": "2N7002", "pack": "SOT-416", "value": "SSM3K56FS,LF", "mount_type": "smt", "place": true}, {"pos_x": 0.0, "pos_y": -29.21, "rotation": -90.0, "side": "top", "designator": "S201", "mpn": null, "pack": "SW_KMR731NGLFS", "value": "~{USB-BOOT}", "mount_type": "smt", "place": true}, {"pos_x": 0.65, "pos_y": -109.47282, "rotation": 180.0, "side": "top", "designator": "LED311", "mpn": null, "pack": "SK9822-2020", "value": "SK9822", "mount_type": "smt", "place": true}, {"pos_x": -0.889, "pos_y": -60.8838, "rotation": -90.0, "side": "top", "designator": "C202", "mpn": null, "pack": "C_0603_1608Metric", "value": "10pF 0603", "mount_type": "smt", "place": true}, {"pos_x": 1.778, "pos_y": -10.668, "rotation": 0.0, "side": "top", "designator": "kibuzzard-6507232F", "mpn": null, "pack": "kibuzzard-6507232F", "value": "G***", "mount_type": "tht", "place": false}, {"pos_x": 0.65, "pos_y": -154.530204, "rotation": 180.0, "side": "top", "designator": "LED323", "mpn": null, "pack": "SK9822-2020", "value": "SK9822", "mount_type": "smt", "place": true}, {"pos_x": 0.0, "pos_y": -0.0, "rotation": 180.0, "side": "top", "designator": "J601", "mpn": null, "pack": "USB-C-2171790001", "value": "USB_C_Receptacle_USB2.0", "mount_type": "tht", "place": true}, {"pos_x": -3.81, "pos_y": -33.02, "rotation": -90.0, "side": "top", "designator": "R201", "mpn": null, "pack": "R_0603_1608Metric", "value": "10k 0603", "mount_type": "smt", "place": true}, {"pos_x": -3.81, "pos_y": -20.32, "rotation": -90.0, "side": "top", "designator": "R501", "mpn": null, "pack": "R_0603_1608Metric", "value": "10k 0603", "mount_type": "smt", "place": true}, {"pos_x": 0.650011, "pos_y": -90.698904, "rotation": 180.0, "side": "top", "designator": "LED306", "mpn": null, "pack": "SK9822-2020", "value": "SK9822", "mount_type": "smt", "place": true}, {"pos_x": 0.9144, "pos_y": -60.8838, "rotation": -90.0, "side": "top", "designator": "C203", "mpn": null, "pack": "C_0603_1608Metric", "value": "10pF 0603", "mount_type": "smt", "place": true}, {"pos_x": 0.65, "pos_y": -158.284986, "rotation": 180.0, "side": "top", "designator": "LED324", "mpn": null, "pack": "SK9822-2020", "value": "SK9822", "mount_type": "smt", "place": true}, {"pos_x": -3.81, "pos_y": -109.22, "rotation": -90.0, "side": "top", "designator": "C304", "mpn": null, "pack": "C_1206_3216Metric", "value": "2.2uF 1206 6V3", "mount_type": "smt", "place": true}, {"pos_x": 0.0, "pos_y": -9.144, "rotation": 0.0, "side": "top", "designator": "F601", "mpn": null, "pack": "Fuse_1206_3216Metric", "value": "6V 3A Hold", "mount_type": "smt", "place": true}, {"pos_x": 1.778, "pos_y": -42.799, "rotation": 180.0, "side": "top", "designator": "C204", "mpn": null, "pack": "C_1206_3216Metric", "value": "2.2uF 1206 6V3", "mount_type": "smt", "place": true}, {"pos_x": 0.65, "pos_y": -120.737166, "rotation": 180.0, "side": "top", "designator": "LED314", "mpn": null, "pack": "SK9822-2020", "value": "SK9822", "mount_type": "smt", "place": true}, {"pos_x": -3.556, "pos_y": -5.842, "rotation": 0.0, "side": "top", "designator": "R601", "mpn": null, "pack": "R_0603_1608Metric", "value": "5k1 0603", "mount_type": "smt", "place": true}, {"pos_x": 0.650011, "pos_y": -86.944124, "rotation": 180.0, "side": "top", "designator": "LED305", "mpn": null, "pack": "SK9822-2020", "value": "SK9822", "mount_type": "smt", "place": true}, {"pos_x": 0.0, "pos_y": -34.544, "rotation": 90.0, "side": "top", "designator": "U202", "mpn": null, "pack": "W25Q128JVPIQ-TR", "value": "16MB Flash", "mount_type": "tht", "place": true}, {"pos_x": -1.778, "pos_y": -10.668, "rotation": 0.0, "side": "top", "designator": "kibuzzard-6507232F", "mpn": null, "pack": "kibuzzard-6507232F", "value": "G***", "mount_type": "tht", "place": false}, {"pos_x": 3.81, "pos_y": -20.32, "rotation": 90.0, "side": "top", "designator": "R203", "mpn": null, "pack": "R_0603_1608Metric", "value": "10k 0603", "mount_type": "smt", "place": true}, {"pos_x": 0.65, "pos_y": -124.491948, "rotation": 180.0, "side": "top", "designator": "LED315", "mpn": null, "pack": "SK9822-2020", "value": "SK9822", "mount_type": "smt", "place": true}, {"pos_x": 0.65, "pos_y": -116.982384, "rotation": 180.0, "side": "top", "designator": "LED313", "mpn": null, "pack": "SK9822-2020", "value": "SK9822", "mount_type": "smt", "place": true}, {"pos_x": 0.0762, "pos_y": -57.9374, "rotation": 0.0, "side": "top", "designator": "Y201", "mpn": null, "pack": "XTAL_ECS-120-10-36Q-ES-TR", "value": "12MHz", "mount_type": "tht", "place": true}, {"pos_x": -1.778, "pos_y": -67.818, "rotation": -90.0, "side": "top", "designator": "R302", "mpn": null, "pack": "R_0603_1608Metric", "value": "10k 0603", "mount_type": "smt", "place": true}, {"pos_x": 0.65, "pos_y": -105.718038, "rotation": 180.0, "side": "top", "designator": "LED310", "mpn": null, "pack": "SK9822-2020", "value": "SK9822", "mount_type": "smt", "place": true}, {"pos_x": 0.65, "pos_y": -71.925, "rotation": 180.0, "side": "top", "designator": "LED301", "mpn": null, "pack": "SK9822-2020", "value": "SK9822", "mount_type": "smt", "place": true}, {"pos_x": 0.0, "pos_y": -48.26, "rotation": 0.0, "side": "top", "designator": "U201", "mpn": null, "pack": "QFN40P700X700X90-57N", "value": "RP2040", "mount_type": "tht", "place": true}, {"pos_x": 0.65, "pos_y": -98.208474, "rotation": 180.0, "side": "top", "designator": "LED308", "mpn": null, "pack": "SK9822-2020", "value": "SK9822", "mount_type": "smt", "place": true}, {"pos_x": 0.65, "pos_y": -83.189346, "rotation": 180.0, "side": "top", "designator": "LED304", "mpn": null, "pack": "SK9822-2020", "value": "SK9822", "mount_type": "smt", "place": true}, {"pos_x": -3.81, "pos_y": -78.74, "rotation": -90.0, "side": "top", "designator": "C302", "mpn": null, "pack": "C_1206_3216Metric", "value": "2.2uF 1206 6V3", "mount_type": "smt", "place": true}, {"pos_x": 0.65, "pos_y": -94.453692, "rotation": 180.0, "side": "top", "designator": "LED307", "mpn": null, "pack": "SK9822-2020", "value": "SK9822", "mount_type": "smt", "place": true}, {"pos_x": 2.7432, "pos_y": -53.721, "rotation": 0.0, "side": "top", "designator": "C206", "mpn": null, "pack": "C_1206_3216Metric", "value": "2.2uF 1206 6V3", "mount_type": "smt", "place": true}, {"pos_x": 0.0, "pos_y": -17.145, "rotation": -90.0, "side": "top", "designator": "S202", "mpn": null, "pack": "SW_KMR731NGLFS", "value": "~{RESET}", "mount_type": "smt", "place": true}, {"pos_x": -3.81, "pos_y": -132.08, "rotation": 180.0, "side": "bottom", "designator": "J118", "mpn": null, "pack": "PinHeader_1x01_P2.54mm_Vertical", "value": "Conn_01x01", "mount_type": "tht", "place": true}, {"pos_x": 3.81, "pos_y": -17.78, "rotation": 180.0, "side": "bottom", "designator": "J109", "mpn": null, "pack": "PinHeader_1x01_P2.54mm_Vertical", "value": "Conn_01x01", "mount_type": "tht", "place": true}, {"pos_x": -3.81, "pos_y": -7.62, "rotation": 180.0, "side": "bottom", "designator": "J106", "mpn": null, "pack": "PinHeader_1x01_P2.54mm_Vertical", "value": "Conn_01x01", "mount_type": "tht", "place": true}, {"pos_x": -3.81, "pos_y": -55.88, "rotation": 180.0, "side": "bottom", "designator": "J113", "mpn": null, "pack": "PinHeader_1x01_P2.54mm_Vertical", "value": "Conn_01x01", "mount_type": "tht", "place": true}, {"pos_x": 3.81, "pos_y": -132.08, "rotation": 180.0, "side": "bottom", "designator": "J128", "mpn": null, "pack": "PinHeader_1x01_P2.54mm_Vertical", "value": "Conn_01x01", "mount_type": "tht", "place": true}, {"pos_x": 3.81, "pos_y": -154.94, "rotation": 180.0, "side": "bottom", "designator": "J103", "mpn": null, "pack": "PinHeader_1x01_P2.54mm_Vertical", "value": "Conn_01x01", "mount_type": "tht", "place": true}, {"pos_x": -3.81, "pos_y": -157.48, "rotation": 180.0, "side": "bottom", "designator": "J120", "mpn": null, "pack": "PinHeader_1x01_P2.54mm_Vertical", "value": "Conn_01x01", "mount_type": "tht", "place": true}, {"pos_x": -3.81, "pos_y": -25.4, "rotation": 180.0, "side": "bottom", "designator": "J111", "mpn": null, "pack": "PinHeader_1x01_P2.54mm_Vertical", "value": "Conn_01x01", "mount_type": "tht", "place": true}, {"pos_x": 3.81, "pos_y": -15.24, "rotation": 180.0, "side": "bottom", "designator": "J132", "mpn": null, "pack": "PinHeader_1x01_P2.54mm_Vertical", "value": "Conn_01x01", "mount_type": "tht", "place": true}, {"pos_x": 3.81, "pos_y": -147.32, "rotation": 180.0, "side": "bottom", "designator": "J129", "mpn": null, "pack": "PinHeader_1x01_P2.54mm_Vertical", "value": "Conn_01x01", "mount_type": "tht", "place": true}, {"pos_x": 3.81, "pos_y": -25.4, "rotation": 180.0, "side": "bottom", "designator": "J121", "mpn": null, "pack": "PinHeader_1x01_P2.54mm_Vertical", "value": "Conn_01x01", "mount_type": "tht", "place": true}, {"pos_x": -3.81, "pos_y": -116.84, "rotation": 180.0, "side": "bottom", "designator": "J117", "mpn": null, "pack": "PinHeader_1x01_P2.54mm_Vertical", "value": "Conn_01x01", "mount_type": "tht", "place": true}, {"pos_x": -3.81, "pos_y": -10.16, "rotation": 180.0, "side": "bottom", "designator": "J107", "mpn": null, "pack": "PinHeader_1x01_P2.54mm_Vertical", "value": "Conn_01x01", "mount_type": "tht", "place": true}, {"pos_x": -3.81, "pos_y": -147.32, "rotation": 180.0, "side": "bottom", "designator": "J119", "mpn": null, "pack": "PinHeader_1x01_P2.54mm_Vertical", "value": "Conn_01x01", "mount_type": "tht", "place": true}, {"pos_x": -3.81, "pos_y": -15.24, "rotation": 180.0, "side": "bottom", "designator": "J131", "mpn": null, "pack": "PinHeader_1x01_P2.54mm_Vertical", "value": "Conn_01x01", "mount_type": "tht", "place": true}, {"pos_x": 3.81, "pos_y": -12.7, "rotation": 180.0, "side": "bottom", "designator": "J101", "mpn": null, "pack": "PinHeader_1x01_P2.54mm_Vertical", "value": "Conn_01x01", "mount_type": "tht", "place": true}, {"pos_x": -3.81, "pos_y": -71.12, "rotation": 180.0, "side": "bottom", "designator": "J114", "mpn": null, "pack": "PinHeader_1x01_P2.54mm_Vertical", "value": "Conn_01x01", "mount_type": "tht", "place": true}, {"pos_x": 3.81, "pos_y": -40.64, "rotation": 180.0, "side": "bottom", "designator": "J122", "mpn": null, "pack": "PinHeader_1x01_P2.54mm_Vertical", "value": "Conn_01x01", "mount_type": "tht", "place": true}, {"pos_x": -3.81, "pos_y": -40.64, "rotation": 180.0, "side": "bottom", "designator": "J112", "mpn": null, "pack": "PinHeader_1x01_P2.54mm_Vertical", "value": "Conn_01x01", "mount_type": "tht", "place": true}, {"pos_x": 3.81, "pos_y": -10.16, "rotation": 180.0, "side": "bottom", "designator": "J108", "mpn": null, "pack": "PinHeader_1x01_P2.54mm_Vertical", "value": "Conn_01x01", "mount_type": "tht", "place": true}, {"pos_x": 3.81, "pos_y": -7.62, "rotation": 180.0, "side": "bottom", "designator": "J105", "mpn": null, "pack": "PinHeader_1x01_P2.54mm_Vertical", "value": "Conn_01x01", "mount_type": "tht", "place": true}, {"pos_x": 3.81, "pos_y": -55.88, "rotation": 180.0, "side": "bottom", "designator": "J123", "mpn": null, "pack": "PinHeader_1x01_P2.54mm_Vertical", "value": "Conn_01x01", "mount_type": "tht", "place": true}, {"pos_x": -3.81, "pos_y": -12.7, "rotation": 180.0, "side": "bottom", "designator": "J102", "mpn": null, "pack": "PinHeader_1x01_P2.54mm_Vertical", "value": "Conn_01x01", "mount_type": "tht", "place": true}, {"pos_x": 3.81, "pos_y": -157.48, "rotation": 180.0, "side": "bottom", "designator": "J130", "mpn": null, "pack": "PinHeader_1x01_P2.54mm_Vertical", "value": "Conn_01x01", "mount_type": "tht", "place": true}, {"pos_x": -3.81, "pos_y": -17.78, "rotation": 180.0, "side": "bottom", "designator": "J110", "mpn": null, "pack": "PinHeader_1x01_P2.54mm_Vertical", "value": "Conn_01x01", "mount_type": "tht", "place": true}, {"pos_x": -3.81, "pos_y": -86.36, "rotation": 180.0, "side": "bottom", "designator": "J115", "mpn": null, "pack": "PinHeader_1x01_P2.54mm_Vertical", "value": "Conn_01x01", "mount_type": "tht", "place": true}, {"pos_x": 3.81, "pos_y": -86.36, "rotation": 180.0, "side": "bottom", "designator": "J125", "mpn": null, "pack": "PinHeader_1x01_P2.54mm_Vertical", "value": "Conn_01x01", "mount_type": "tht", "place": true}, {"pos_x": 3.81, "pos_y": -71.12, "rotation": 180.0, "side": "bottom", "designator": "J124", "mpn": null, "pack": "PinHeader_1x01_P2.54mm_Vertical", "value": "Conn_01x01", "mount_type": "tht", "place": true}, {"pos_x": 3.81, "pos_y": -116.84, "rotation": 180.0, "side": "bottom", "designator": "J127", "mpn": null, "pack": "PinHeader_1x01_P2.54mm_Vertical", "value": "Conn_01x01", "mount_type": "tht", "place": true}, {"pos_x": 3.81, "pos_y": -101.6, "rotation": 180.0, "side": "bottom", "designator": "J126", "mpn": null, "pack": "PinHeader_1x01_P2.54mm_Vertical", "value": "Conn_01x01", "mount_type": "tht", "place": true}, {"pos_x": -3.81, "pos_y": -101.6, "rotation": 180.0, "side": "bottom", "designator": "J116", "mpn": null, "pack": "PinHeader_1x01_P2.54mm_Vertical", "value": "Conn_01x01", "mount_type": "tht", "place": true}, {"pos_x": -3.81, "pos_y": -154.94, "rotation": 180.0, "side": "bottom", "designator": "J104", "mpn": null, "pack": "PinHeader_1x01_P2.54mm_Vertical", "value": "Conn_01x01", "mount_type": "tht", "place": true}]