Ref,Val,Package,PosX,PosY,Rot,Side
"J101","Conn_01x01","PinHeader_1x01_P2.54mm_Vertical",-3.810000,-12.700000,180.000000,bottom
"J102","Conn_01x01","PinHeader_1x01_P2.54mm_Vertical",3.810000,-12.700000,180.000000,bottom
"J103","Conn_01x01","PinHeader_1x01_P2.54mm_Vertical",-3.810000,-154.940000,180.000000,bottom
"J104","Conn_01x01","PinHeader_1x01_P2.54mm_Vertical",3.810000,-154.940000,180.000000,bottom
"J105","Conn_01x01","PinHeader_1x01_P2.54mm_Vertical",-3.810000,-7.620000,180.000000,bottom
"J106","Conn_01x01","PinHeader_1x01_P2.54mm_Vertical",3.810000,-7.620000,180.000000,bottom
"J107","Conn_01x01","PinHeader_1x01_P2.54mm_Vertical",3.810000,-10.160000,180.000000,bottom
"J108","Conn_01x01","PinHeader_1x01_P2.54mm_Vertical",-3.810000,-10.160000,180.000000,bottom
"J109","Conn_01x01","PinHeader_1x01_P2.54mm_Vertical",-3.810000,-17.780000,180.000000,bottom
"J110","Conn_01x01","PinHeader_1x01_P2.54mm_Vertical",3.810000,-17.780000,180.000000,bottom
"J111","Conn_01x01","PinHeader_1x01_P2.54mm_Vertical",3.810000,-25.400000,180.000000,bottom
"J112","Conn_01x01","PinHeader_1x01_P2.54mm_Vertical",3.810000,-40.640000,180.000000,bottom
"J113","Conn_01x01","PinHeader_1x01_P2.54mm_Vertical",3.810000,-55.880000,180.000000,bottom
"J114","Conn_01x01","PinHeader_1x01_P2.54mm_Vertical",3.810000,-71.120000,180.000000,bottom
"J115","Conn_01x01","PinHeader_1x01_P2.54mm_Vertical",3.810000,-86.360000,180.000000,bottom
"J116","Conn_01x01","PinHeader_1x01_P2.54mm_Vertical",3.810000,-101.600000,180.000000,bottom
"J117","Conn_01x01","PinHeader_1x01_P2.54mm_Vertical",3.810000,-116.840000,180.000000,bottom
"J118","Conn_01x01","PinHeader_1x01_P2.54mm_Vertical",3.810000,-132.080000,180.000000,bottom
"J119","Conn_01x01","PinHeader_1x01_P2.54mm_Vertical",3.810000,-147.320000,180.000000,bottom
"J120","Conn_01x01","PinHeader_1x01_P2.54mm_Vertical",3.810000,-157.480000,180.000000,bottom
"J121","Conn_01x01","PinHeader_1x01_P2.54mm_Vertical",-3.810000,-25.400000,180.000000,bottom
"J122","Conn_01x01","PinHeader_1x01_P2.54mm_Vertical",-3.810000,-40.640000,180.000000,bottom
"J123","Conn_01x01","PinHeader_1x01_P2.54mm_Vertical",-3.810000,-55.880000,180.000000,bottom
"J124","Conn_01x01","PinHeader_1x01_P2.54mm_Vertical",-3.810000,-71.120000,180.000000,bottom
"J125","Conn_01x01","PinHeader_1x01_P2.54mm_Vertical",-3.810000,-86.360000,180.000000,bottom
"J126","Conn_01x01","PinHeader_1x01_P2.54mm_Vertical",-3.810000,-101.600000,180.000000,bottom
"J127","Conn_01x01","PinHeader_1x01_P2.54mm_Vertical",-3.810000,-116.840000,180.000000,bottom
"J128","Conn_01x01","PinHeader_1x01_P2.54mm_Vertical",-3.810000,-132.080000,180.000000,bottom
"J129","Conn_01x01","PinHeader_1x01_P2.54mm_Vertical",-3.810000,-147.320000,180.000000,bottom
"J130","Conn_01x01","PinHeader_1x01_P2.54mm_Vertical",-3.810000,-157.480000,180.000000,bottom
"J131","Conn_01x01","PinHeader_1x01_P2.54mm_Vertical",3.810000,-15.240000,180.000000,bottom
"J132","Conn_01x01","PinHeader_1x01_P2.54mm_Vertical",-3.810000,-15.240000,180.000000,bottom
